insert into `cocomparte`.`Categoria`(`idCategoria`,`Categoria`) Values (1,'Cárnico');
insert into `cocomparte`.`Categoria`(`idCategoria`,`Categoria`) Values (2,'Cereal y pan');
insert into `cocomparte`.`Categoria`(`idCategoria`,`Categoria`) Values (3,'Frutas');
insert into `cocomparte`.`Categoria`(`idCategoria`,`Categoria`) Values (4,'Frutos secos');
insert into `cocomparte`.`Categoria`(`idCategoria`,`Categoria`) Values (5,'Lacteos');
insert into `cocomparte`.`Categoria`(`idCategoria`,`Categoria`) Values (6,'Legumbres');
insert into `cocomparte`.`Categoria`(`idCategoria`,`Categoria`) Values (7,'Pasta');
insert into `cocomparte`.`Categoria`(`idCategoria`,`Categoria`) Values (8,'Tubérculo');
insert into `cocomparte`.`Categoria`(`idCategoria`,`Categoria`) Values (9,'Verduras');
insert into `cocomparte`.`Categoria`(`idCategoria`,`Categoria`) Values (10,'Pescado');
insert into `cocomparte`.`Categoria`(`idCategoria`,`Categoria`) Values (11,'Tubérculo');
insert into `cocomparte`.`Categoria`(`idCategoria`,`Categoria`) Values (12,'Tubérculo');
INSERT INTO `cocomparte`.`productos` (`id`, `Nombre`, `Origen`, `Cantidad`, `Unidades`, `FechaCaducidad`, `Proveedor_id`, `Preparado`, `Categoria_idCategoria`) VALUES ('1', 'Patatas', 'Vegano', '5', '1', '2021-08-08', '1', '0', '8');
INSERT INTO `cocomparte`.`productos` (`id`, `Nombre`, `Origen`, `Cantidad`, `Unidades`, `FechaCaducidad`, `Proveedor_id`, `Preparado`, `Categoria_idCategoria`) VALUES ('2', 'Yoghurt', 'Envasado', '4', '1', '2021-06-09', '1', '0', '5');
INSERT INTO `cocomparte`.`productos` (`id`, `Nombre`, `Origen`, `Cantidad`, `Unidades`, `FechaCaducidad`, `Proveedor_id`, `Preparado`, `Categoria_idCategoria`) VALUES ('3', 'Macarrones', 'Casa', '1', '1', '2021-03-27', '1', '1', '7');
INSERT INTO `cocomparte`.`productos` (`id`, `Nombre`, `Origen`, `Cantidad`, `Unidades`, `FechaCaducidad`, `Proveedor_id`, `Preparado`, `Categoria_idCategoria`) VALUES ('4', 'Cornfalkes', 'Sin gluten', '1', '2', '2013-08-19', '1', '0', '2');
INSERT INTO `cocomparte`.`productos` (`id`, `Nombre`, `Origen`, `Cantidad`, `Unidades`, `FechaCaducidad`, `Proveedor_id`, `Preparado`, `Categoria_idCategoria`) VALUES ('5', 'Pan de pages', 'Sin gluten,hecho en casa', '8', '25', '2021-03-25', '1', '1', '2');
INSERT INTO `cocomparte`.`productos` (`id`, `Nombre`, `Origen`, `Cantidad`, `Unidades`, `FechaCaducidad`, `Proveedor_id`, `Preparado`, `Categoria_idCategoria`) VALUES ('6', 'Atún', 'Enlatado', '3', '2', '2028-05-01', '1', '0', '10');
INSERT INTO `cocomparte`.`productos` (`id`, `Nombre`, `Origen`, `Cantidad`, `Unidades`, `FechaCaducidad`, `Proveedor_id`, `Preparado`, `Categoria_idCategoria`) VALUES ('7', 'Lentejas', 'Casa', '3', '1', '2021-03-27', '1', '1', '6');
INSERT INTO `cocomparte`.`productos` (`id`, `Nombre`, `Origen`, `Cantidad`, `Unidades`, `FechaCaducidad`, `Proveedor_id`, `Preparado`, `Categoria_idCategoria`) VALUES ('8', 'Bistec', 'Casa', '1', '1', '2021-03-22', '1', '1', '1');
insert into `cocomparte`.`usuario`(`id`,`Nombre`,`Apellidos`,`D.N.I`,`Telefono`,`Email`,`Password`,`Unidad_Familiar`,`Direccion`,`Ciudad_id`) Values (1,'hola','Caracola','123456789',123456789,'hola@caracola.com','1234','2','No street',1);
insert into `cocomparte`.`usuario_has_productos`(`Usuario_id`,`Productos_id`) Values (1,1);
insert into `cocomparte`.`usuario_has_productos`(`Usuario_id`,`Productos_id`) Values (1,2);
insert into `cocomparte`.`usuario_has_productos`(`Usuario_id`,`Productos_id`) Values (1,3);
insert into `cocomparte`.`usuario_has_productos`(`Usuario_id`,`Productos_id`) Values (1,4);
insert into `cocomparte`.`usuario_has_productos`(`Usuario_id`,`Productos_id`) Values (1,5);